status,T_K,P_Pa,rho_l_molm3,rho_v_molm3,x1_liq,y1_vap,h_l_Jmol,h_v_Jmol,r_P,r_mu,iterations,notes
CONVERGED,250.0,709743.6396174594,3569.8933131694816,450.78156217020654,0.9385037942295681,0.999990428171419,47945.56754194424,40822.397591928704,6.2132467903215165e-12,1.738879516596516e-08,24,The solution converged.
CONVERGED,252.82051282051282,752279.1346504848,3563.9441228864034,478.1734280307434,0.9385037942295681,0.9999969004629117,46734.64214461843,41011.18023626174,2.2253074035465591e-13,1.0038611271884369e-07,22,The solution converged.
CONVERGED,255.64102564102564,795982.760366562,3559.4787213615245,506.4529706218496,0.9385037942295681,0.9999987759964488,44706.74002275228,41201.225432950174,2.154211273172048e-10,8.212754745811976e-08,15,The solution converged.
CONVERGED,258.46153846153845,840811.1654560625,3555.9781872270055,535.5945373026069,0.9385037942295681,0.9999993785183404,42039.82762646269,41392.68424346831,9.773052790062437e-12,2.0912313177334476e-08,16,The solution converged.
CONVERGED,261.28205128205127,886706.0825232712,3553.092030320538,565.5540857557231,0.9385037942295681,0.9999995809836456,38973.024329776505,41585.78314270663,3.770267287714274e-09,1.332813707836735e-08,20,The solution converged.
CONVERGED,264.1025641025641,933587.6508155607,3550.5768517403058,596.2600750963732,0.9385037942295681,0.9999996212275437,35773.30272949215,41780.8259727543,8.867096771424086e-11,1.8142189173507439e-09,15,The solution converged.
CONVERGED,266.9230769230769,981336.640685926,3548.2610417281535,627.5914767001948,0.9385037942295681,0.999999546315369,32703.063802294073,41978.24570704396,1.4460917021078756e-13,6.584042148054586e-09,20,The solution converged.
CONVERGED,269.7435897435897,1029748.3364598672,3546.0316551284427,659.3223468969044,0.9385037942295681,0.999999301013072,29995.105495651573,42178.74917621077,1.576365433378124e-08,3.7625325919079606e-08,21,The solution converged.
CONVERGED,272.56410256410254,1078427.8754330436,3543.848276872346,690.9951896732881,0.9385037942295681,0.9999986726062577,27839.346519141014,42383.64686271618,6.5728881056138005e-09,7.058538299691064e-09,18,The solution converged.
CONVERGED,275.38461538461536,1126585.7304029565,3541.799600230438,721.6705588916321,0.9385037942295681,0.9999970446526838,26382.373486478453,42595.48787778833,2.6484814974209373e-09,3.141071461144766e-08,24,The solution converged.
CONVERGED,278.20512820512823,1172704.9964103245,3540.231468579378,749.5234031894073,0.9385037942295681,0.9999926769451104,25736.693703301684,42819.038188077466,5.9562458853650995e-15,2.291546250634538e-08,25,The solution converged.
CONVERGED,281.02564102564105,1214118.9027738338,3539.985207213926,771.3844988185473,0.9385037942295681,0.999980778931547,25992.501577404564,43062.29406159685,1.6371722460300817e-11,2.307187706258204e-08,16,The solution converged.
CONVERGED,283.84615384615387,1246691.0941019212,3542.775496463381,782.6187405402998,0.9385037942295681,0.999948823865343,27223.157037749264,43336.51903202151,7.214757344303899e-11,9.077228132469517e-09,15,The solution converged.
CONVERGED,286.6666666666667,1264962.6914747606,3551.660285266398,777.9833816684591,0.9385037942295681,0.9998664535584137,29479.124380182595,43653.859089196136,6.0659233224587375e-12,3.1599333484235374e-09,16,The solution converged.
CONVERGED,289.4871794871795,1263091.2009677938,3571.3074253868394,753.6556583005085,0.9385037942295681,0.9996662654749526,32772.29742195908,44022.524645649326,5.550609874520842e-11,1.427718572426231e-08,18,The solution converged.
CONVERGED,292.3076923076923,1236537.3000784535,3607.237392582144,709.3512548262546,0.9385037942295681,0.9992096893676571,37050.195690104665,44442.614620939035,5.187499306588899e-09,1.735720019624845e-08,25,The solution converged.
DIVERGED,295.12820512820514,1309850.4211808057,3667.5484196765033,811.080946124063,0.9385037942295681,0.999999999999,42187.83701769593,44491.82020016126,0.0830652811748695,0.4816849250342679,52,"The iteration is not making good progress, as measured by the 
 improvement from the last ten iterations."
CONVERGED,297.94871794871796,1110937.1780100327,3734.3001633704816,580.8439844910678,0.9385037942295681,0.9962383538012032,47556.32414349,45398.322269889024,4.743864717459858e-08,1.2018807584017175e-08,32,The solution converged.
CONVERGED,300.7692307692308,1027232.5947384937,3809.778058881119,513.6072346702879,0.9385037942295681,0.9925665027863044,52513.061812810025,45906.85404931867,6.017773988746847e-14,6.75503184281603e-07,62,The solution converged.
CONVERGED,303.5897435897436,945499.4632400384,3876.32479510556,454.57756285650476,0.9385037942295681,0.9866127248608083,56047.278731377955,46422.7728793382,3.0808343096616413e-09,3.865138784752363e-08,27,The solution converged.
CONVERGED,306.4102564102564,875229.41626661,3927.842256154318,407.28125479770677,0.9385037942295681,0.9782303234171849,57451.598705373755,46940.98958062871,2.3866727753718736e-09,3.174916111153541e-08,18,The solution converged.
CONVERGED,309.2307692307692,822119.0849947163,3964.7853882758427,372.6731628520527,0.9385037942295681,0.9678798708947152,56447.777618885484,47454.99672524416,9.137938050036495e-09,1.80609201908952e-08,28,The solution converged.
CONVERGED,312.05128205128204,789173.7596677361,3990.192577942147,350.5570386288883,0.9385037942295681,0.9565591878326218,53186.68375356891,47953.96712398541,9.849311526796524e-12,3.6584641717475825e-08,25,The solution converged.
CONVERGED,314.87179487179486,777833.8482298071,4007.1457779050247,340.4050178883523,0.9385037942295681,0.9455794159592434,48182.33016593153,48423.38689473017,8.449860977630573e-11,6.159789204156481e-09,45,The solution converged.
CONVERGED,317.6923076923077,788790.5036989995,4017.990974347361,341.7681504639514,0.9385037942295681,0.9362175513282331,42198.40840796325,48848.452331054854,7.006475852182323e-10,1.290887096482618e-08,16,The solution converged.
CONVERGED,320.5128205128205,822510.3706574031,4024.3247281058416,354.4802120037823,0.9385037942295681,0.9293661140581554,36094.606300775195,49218.24637911388,1.250206946822577e-10,1.2664383623115934e-08,14,The solution converged.
CONVERGED,323.33333333333337,879450.7179247797,4027.1691525016395,378.72369661949585,0.9385037942295681,0.925340065056891,30665.33199500517,49528.40047755346,2.0237280445026455e-11,1.2713516008107488e-08,21,The solution converged.
CONVERGED,326.1538461538462,959979.5861238248,4027.141078419283,414.98960489275123,0.9385037942295681,0.9239066740646287,26510.22144481073,49781.156812894966,2.1164355378936753e-10,3.5594800143726843e-10,17,The solution converged.
CONVERGED,328.974358974359,1064077.2640975318,4024.5749852158056,463.96147261963233,0.9385037942295681,0.9244767392648023,23963.082464966457,49983.405023042134,1.263627193690188e-12,9.119615857623419e-10,15,The solution converged.
CONVERGED,331.7948717948718,1190942.6413306585,4019.603015650576,526.3576820045424,0.9385037942295681,0.9263382844559264,23085.46258268437,50144.088927814475,3.323519374277601e-15,5.179363290383008e-10,26,The solution converged.
CONVERGED,334.61538461538464,1338649.9729653583,4012.202703186168,602.7687691235321,0.9385037942295681,0.928838299480291,23712.860014446316,50272.14306578013,4.696094950593302e-15,7.775925446386863e-09,27,The solution converged.
CONVERGED,337.43589743589746,1503988.22748599,4002.2210059083995,693.5257348474369,0.9385037942295681,0.9314772698930964,25531.30719234411,50375.39313776613,3.5606028731956185e-14,5.2521797540908075e-09,24,The solution converged.
CONVERGED,340.2564102564103,1682561.8521250947,3989.37990388837,798.6295970683844,0.9385037942295681,0.933928661662285,28160.65658112184,50460.25416817955,3.058168244009349e-14,2.6012613476169553e-09,24,The solution converged.
CONVERGED,343.0769230769231,1869149.908788974,3973.2659035619995,917.761515243032,0.9385037942295681,0.9360145392304097,31226.127582215777,50531.83312732605,1.245649921170427e-14,1.3765666762785475e-08,25,The solution converged.
CONVERGED,345.8974358974359,2058240.8554646191,3953.30331105325,1050.3805542654063,0.9385037942295681,0.9376654556586403,34407.92229733746,50594.11925404393,4.298605012798579e-15,2.408177827267883e-09,27,The solution converged.
CONVERGED,348.71794871794873,2244612.1521890014,3928.7082847228526,1195.9052253204356,0.9385037942295681,0.9388817092838572,37466.71353488386,50650.13013967273,1.634452726488273e-11,2.2103394753523904e-09,30,The solution converged.
DIVERGED,351.53846153846155,2423823.40473633,3898.415997833935,1353.9693722039567,0.9385037942295681,0.9397026651823046,40248.54041246729,50702.02797741928,5.710891691651535e-09,1.5796679699981783e-08,25,"The iteration is not making good progress, as measured by the 
 improvement from the last ten iterations."
CONVERGED,354.35897435897436,2592530.809098464,3860.962600289789,1524.747554230183,0.9385037942295681,0.9401851772707468,42675.506326573755,50751.24545904501,7.184659648764907e-16,3.80989882732898e-09,25,The solution converged.
CONVERGED,357.1794871794872,2748591.079568803,3814.2762019173583,1709.379621573162,0.9385037942295681,0.940389401458889,44729.08220577271,50798.58104689173,1.4468312231559607e-10,1.068644420921549e-09,28,The solution converged.
CONVERGED,360.0,2890977.164150682,3755.247522217588,1910.628416615133,0.9385037942295681,0.9403698750406879,46431.70750155654,50844.06813530027,4.590931459240477e-12,1.3732671502159244e-09,26,The solution converged.
