T_K,status,rho_l_molm3,rho_v_molm3,p_Pa,h_l_Jmol,h_v_Jmol,r_P,r_mu,iterations,fallback_used,notes
240.0,CONVERGED,4152.091960918474,402.3423721319507,614945.5164182463,31851.630493511933,40024.061399289385,3.975509525794947e-15,4.842656730763476e-16,12,True,attempt=1; line-search rejected step
240.66331658291458,CONVERGED,4144.032215649925,409.3115132417918,625058.8620185403,31944.056809497037,40063.52157792046,6.3323971271018945e-15,4.829309393244458e-16,9,False,attempt=1; line-search rejected step
241.32663316582915,CONVERGED,4135.814110727972,416.37695444227836,635273.1599031386,32036.80907300932,40102.89276063157,4.5813096308320695e-15,2.8329620172911534e-16,4,False,attempt=1; line-search rejected step
241.98994974874373,CONVERGED,4127.431808337001,423.53996887719705,645588.3634787328,32129.88781361803,40142.173877357716,3.606487613860773e-16,4.520314574911217e-16,6,False,attempt=1; line-search rejected step
242.6532663316583,CONVERGED,4118.879491577266,430.8018594411816,656004.4090618836,32223.29471558585,40181.36382896233,1.7746118809386367e-16,1.5777852475625123e-15,4,False,attempt=1; line-search rejected step
243.31658291457288,CONVERGED,4110.151407213434,438.16395865391644,666521.2143100796,32317.032595285105,40220.46148995576,2.7945774406580486e-15,2.2478342489614267e-16,6,False,attempt=1; line-search rejected step
243.97989949748742,CONVERGED,4101.241911292813,445.6276284192159,677138.6765348762,32411.105363282735,40259.465711647215,3.0946036100138472e-15,0.0,6,False,attempt=1; line-search rejected step
244.643216080402,CONVERGED,4092.1455172099695,453.19425967406784,687856.6709114334,32505.5179705818,40298.37532570729,0.0,1.6767336445451117e-16,8,False,attempt=1; line-search rejected step
245.30653266331657,CONVERGED,4082.856945706696,460.8652719352018,698675.0486013183,32600.27633879685,40337.189148110236,3.33245969095325e-16,1.3377597632093448e-15,7,False,attempt=1; line-search rejected step
245.96984924623115,CONVERGED,4073.371176211747,468.6421127537151,709593.6348083939,32695.387274373148,40375.90598341615,1.640591404943613e-16,5.558967390634566e-16,7,False,attempt=1; line-search rejected step
246.63316582914572,CONVERGED,4063.6834988454652,476.5262570908828,720612.2267898939,32790.85836733549,40414.524629344996,0.0,3.3264099735547766e-16,5,False,attempt=1; line-search rejected step
247.2964824120603,CONVERGED,4053.7895663444706,484.51920663099736,731730.5918469364,32886.69787547023,40453.04388158683,3.181917583439961e-16,2.211658423447783e-15,6,False,attempt=1; line-search rejected step
247.95979899497488,CONVERGED,4043.685445103667,492.6224890493754,742948.4653202265,32982.91459530259,40491.462538785796,1.566936702356029e-16,4.41148404404638e-16,7,False,attempt=1; line-search rejected step
248.62311557788945,CONVERGED,4033.3676644912675,500.8376572555824,754265.5486175653,33079.51772172942,40529.77940763083,1.543426211634661e-16,3.739757223078076e-15,6,False,attempt=1; line-search rejected step
249.28643216080403,CONVERGED,4022.8332635702177,509.16628863326423,765681.5072999026,33176.51669870628,40567.99330798323,2.4326631000915566e-15,1.0970018377551228e-16,5,False,attempt=1; line-search rejected step
249.9497487437186,CONVERGED,4012.079834360236,517.6099842980616,777195.9692513952,33273.921063965616,40606.10307797245,1.0485222325245363e-15,0.0,5,False,attempt=1; line-search rejected step
250.61306532663318,CONVERGED,4001.1055608020074,526.1703683944617,788808.5229569107,33371.740291363705,40644.10757899513,2.951675050126052e-16,0.0,7,False,attempt=1; line-search rejected step
251.27638190954775,CONVERGED,3989.909252641556,534.8490874494929,800518.7159062515,33469.98363512225,40682.005700563575,0.0,2.1766285564097327e-16,6,False,attempt=1; line-search rejected step
251.9396984924623,CONVERGED,3978.4903735418966,543.6478097964404,812326.0531386829,33568.65998095233,40719.79636496631,0.0,2.1708978445570504e-16,9,False,attempt=1; line-search rejected step
252.60301507537687,CONVERGED,3966.849062852918,552.5682250739804,824229.9959332966,33667.77770983264,40757.478531729066,1.4124130691836175e-16,1.0825986147719452e-15,6,False,attempt=1; line-search rejected step
253.26633165829145,CONVERGED,3954.986150632379,561.6120437945978,836229.9606399091,33767.34458107173,40795.051201901486,1.8097882819123733e-15,1.5116685324265595e-15,8,False,attempt=1; line-search rejected step
253.92964824120602,CONVERGED,3942.9031657129194,570.7809969597645,848325.3176310901,33867.36764222816,40832.513422245815,0.0,1.9384968119457187e-15,10,False,attempt=1; line-search rejected step
254.5929648241206,CONVERGED,3930.602336856653,580.0768356769731,860515.390338026,33967.85317450226,40869.8642894719,1.3528557784562664e-16,3.652065142290598e-15,6,False,attempt=1; line-search rejected step
255.25628140703517,CONVERGED,3918.0865873333246,589.5013307032934,872799.4543101087,34068.80668336074,40907.1029547542,8.002891471944394e-16,1.7141528362030442e-15,7,False,attempt=1; line-search rejected step
255.91959798994975,CONVERGED,3905.3595236070055,599.0562718001005,885176.7362101226,34170.232945409334,40944.22862888355,0.0,1.9234236746238034e-15,7,False,attempt=1; line-search rejected step
256.5829145728643,CONVERGED,3892.425419226478,608.7434667309922,897646.412622047,34272.136123886936,40981.2405885595,2.8531691812942493e-15,7.673805005972665e-15,4,False,attempt=1; line-search rejected step
257.2462311557789,CONVERGED,3879.2891954963043,618.5647396670234,910207.6085061389,34374.519966591826,41018.138184522475,5.115989835242062e-16,0.0,5,False,attempt=1; line-search rejected step
257.90954773869345,CONVERGED,3865.9564010713725,628.5219286759761,922859.3950843696,34477.38810152923,41054.92085247195,2.522926513985197e-16,8.482591718082168e-16,7,False,attempt=1; line-search rejected step
258.57286432160805,CONVERGED,3852.4331932834602,638.6168818625584,935600.786878393,34580.744447023346,41091.58812802138,9.95427310106067e-16,6.345623503656265e-16,7,False,attempt=1; line-search rejected step
259.2361809045226,CONVERGED,3838.7263247919896,648.8514515863369,948430.7375482208,34684.593754372225,41128.13966732667,0.0,9.494080105958853e-15,4,False,attempt=1; line-search rejected step
259.8994974874372,CONVERGED,3824.843140075266,659.2274860116058,961348.1340946613,34788.94230221529,41164.575275492105,1.210959044889265e-16,8.417643800055087e-16,7,False,attempt=1; line-search rejected step
260.56281407035175,CONVERGED,3810.7915873655134,669.7468170276273,974351.788887709,34893.798762468105,41200.89494543618,4.7791905615457875e-16,0.0,8,False,attempt=1; line-search rejected step
261.22613065326635,CONVERGED,3796.580252906973,680.411243315513,987440.4288690763,34999.17525776721,41237.09891059231,0.0,4.187447458245317e-16,9,False,attempt=1; line-search rejected step
261.8894472361809,CONVERGED,3782.2184259028013,691.2225070162579,1000612.6811454217,35105.08862964118,41273.18771565828,3.490321200816838e-16,1.044210360874897e-15,5,False,attempt=1; line-search rejected step
262.5527638190955,CONVERGED,3767.7162042348773,702.1822620689677,1013867.054043364,35211.56193485628,41309.162310599524,2.640930476378789e-15,8.332578038180392e-16,7,False,attempt=1; line-search rejected step
263.21608040201005,CONVERGED,3753.0846530013896,713.2920318261796,1027201.9125358897,35318.62618436166,41345.02417428062,1.1333246210527023e-15,1.0389474449667074e-15,6,False,attempt=1; line-search rejected step
263.8793969849246,CONVERGED,3738.336030117821,724.5531530060825,1040615.4467747516,35426.32233481959,41380.77547546256,0.0,8.290686649505812e-16,12,False,attempt=1; line-search rejected step
264.5427135678392,CONVERGED,3723.484095645491,735.9667023996091,1054105.632277254,35534.70353679195,41416.41928047433,0.0,1.2404847770083461e-15,9,False,attempt=1; line-search rejected step
265.20603015075375,CONVERGED,3708.5445240925287,747.5334020037336,1067670.1801205878,35643.837636385295,41451.959818659845,0.0,4.124607182609985e-16,7,False,attempt=1; line-search rejected step
265.86934673366835,CONVERGED,3693.535441578037,759.2534973935789,1081306.4752975353,35753.8099189366,41487.40281872062,6.45970358005495e-16,0.0,5,False,attempt=1; line-search rejected step
266.5326633165829,CONVERGED,3678.478112301487,771.1266031668346,1095011.5011863145,35864.726074954226,41522.75593132219,4.252569829661613e-16,1.4364271122605317e-15,7,False,attempt=1; line-search rejected step
267.1959798994975,CONVERGED,3663.3978009775196,783.1515081918525,1108781.7478896482,35976.715361388444,41558.0292557962,3.149817050519876e-15,1.228166715580143e-15,8,False,attempt=1; line-search rejected step
267.85929648241205,CONVERGED,3648.3248394341244,795.3259321630949,1122613.1020042072,36089.933927515856,41593.23599143066,1.6592048907193107e-15,4.083751100657072e-16,7,False,attempt=1; line-search rejected step
268.52261306532665,CONVERGED,3633.2959259449067,807.6462236208195,1136500.7151917382,36204.56827735854,41628.39323665366,1.843796281757113e-15,4.0736632358227513e-16,6,False,attempt=1; line-search rejected step
269.1859296482412,CONVERGED,3618.3556844112627,820.1069881367762,1150438.848729365,36320.83885383538,41663.52296232142,2.0238419791806064e-16,8.127250174336342e-16,6,False,attempt=1; line-search rejected step
269.8492462311558,CONVERGED,3603.55850633822,832.7006338306377,1164420.6910060542,36439.00375925586,41698.653188215154,5.998621772669765e-16,8.107272576142441e-16,5,False,attempt=1; line-search rejected step
270.51256281407035,CONVERGED,3588.970690477756,845.4168198060408,1178438.144678579,36559.36267907918,41733.81939458183,3.9515123420818086e-16,0.0,7,False,attempt=1; line-search rejected step
271.1758793969849,CONVERGED,3574.672881484331,858.241791557526,1192481.5798661944,36682.261158872134,41769.06620288178,0.0,4.033805289997491e-16,6,False,attempt=1; line-search rejected step
271.8391959798995,CONVERGED,3560.7627878702333,871.1575860313669,1206539.5492965356,36808.09550624544,41804.449361447485,1.9297390109559186e-16,8.047924751161806e-16,7,False,attempt=1; line-search rejected step
272.50251256281405,CONVERGED,3547.3581281959705,884.1410880463966,1220598.460652999,36937.318757364854,41840.038071902956,3.815024369755624e-16,2.0070836898781498e-15,7,False,attempt=1; line-search rejected step
273.16582914572865,CONVERGED,3534.599709047959,897.1629195744277,1234642.200453722,37070.44836513052,41875.91768993834,0.0,4.0044199534478393e-16,7,False,attempt=1; line-search rejected step
273.8291457286432,CONVERGED,3522.6544738902758,910.1861445789913,1248651.7025747388,37208.07652958262,41912.19282775028,2.796984657616323e-15,7.98943950192412e-16,5,False,attempt=1; line-search rejected step
274.4924623115578,CONVERGED,3511.7182716119287,923.1647757704956,1262604.453045261,37350.884382994394,41948.99087251138,0.0,0.0,11,False,attempt=1; line-search rejected step
275.15577889447235,CONVERGED,3502.0179690795057,936.042077462786,1276473.9211671315,37499.661521178525,41986.46591144825,1.8240141047377074e-16,0.0,8,False,attempt=1; line-search rejected step
275.81909547738695,CONVERGED,3493.8123639829246,948.7486733903263,1290228.9057905553,37655.33255892652,42024.80301308377,1.8045684964034232e-16,7.931798158775126e-16,11,False,attempt=1; line-search rejected step
276.4824120603015,CONVERGED,3487.3911359956824,961.2004938948224,1303832.7856156118,37818.99234224839,42064.22274652977,7.142960239151752e-16,1.1869153144461536e-15,5,False,attempt=1; line-search rejected step
277.1457286432161,CONVERGED,3483.0708099203325,973.2966389876071,1317242.6652787388,37991.950950749975,42104.98571353653,1.060536451442381e-15,2.368149136960667e-15,5,False,attempt=1; line-search rejected step
277.80904522613065,CONVERGED,3481.1864262254658,984.9172996484353,1330408.417271386,38175.78834694891,42147.39670565745,3.500137861896513e-16,0.0,6,False,attempt=1; line-search rejected step
278.4723618090452,CONVERGED,3482.077411529949,995.921976828674,1343271.6370478822,38372.41607224205,42191.807866493844,8.666551024838254e-16,1.178433676209531e-15,5,False,attempt=1; line-search rejected step
279.1356783919598,CONVERGED,3486.0661990048243,1006.1483700860445,1355764.5593712002,38584.139390689685,42238.619931964895,0.0,1.1756333369487177e-15,8,False,attempt=1; line-search rejected step
279.79899497487435,CONVERGED,3493.42877258508,1015.4124684533983,1367809.0317091336,38813.707745714375,42288.28026475638,0.0,0.0,8,False,attempt=1; line-search rejected step
280.46231155778895,CONVERGED,3504.3578816705904,1023.5105335694335,1379315.7050779748,39064.33527854602,42341.27607733721,3.376031213110959e-16,7.800482644213593e-16,5,False,attempt=1; line-search rejected step
281.1256281407035,CONVERGED,3518.9224407246224,1030.2237481244445,1390183.674578545,39339.669061703426,42398.121128916086,1.3398554329848866e-15,7.782077387009316e-16,4,False,attempt=1; line-search rejected step
281.7889447236181,CONVERGED,3537.0302629032667,1035.3261952258526,1400300.856479718,39643.684959899954,42459.33456026666,1.6627187120287386e-16,3.881879389924826e-16,7,False,attempt=1; line-search rejected step
282.45226130653265,CONVERGED,3558.4043948731046,1038.5964048923856,1409545.3865493909,39980.50396420692,42525.41168563045,0.0,1.549105242452495e-15,7,False,attempt=1; line-search rejected step
283.11557788944725,CONVERGED,3582.5835601785216,1039.8318926676875,1417788.2247728587,40354.14558874463,42596.78858018921,3.284420614950036e-16,3.8636895397483945e-16,10,False,attempt=1; line-search rejected step
283.7788944723618,CONVERGED,3608.9525705205565,1038.8650580679466,1424896.9430917557,40768.261253841374,42673.804785240085,3.2680348537862865e-16,3.8546583912279455e-16,7,False,attempt=1; line-search rejected step
284.4422110552764,CONVERGED,3636.7995692853106,1035.5778978556204,1430740.4026050474,41225.90448669151,42756.670416096546,1.6273437391572842e-16,0.0,6,False,attempt=1; line-search rejected step
285.10552763819095,CONVERGED,3665.387651643969,1029.9127287007616,1435193.7968935836,41729.38465361484,42845.444215696785,1.6222941052129805e-16,3.8367221635191864e-16,6,False,attempt=1; line-search rejected step
285.7688442211055,CONVERGED,3694.023951896748,1021.8768024654162,1438143.4521090547,42280.21996021423,42940.02706985407,4.856900262190549e-16,7.655632998150967e-16,6,False,attempt=1; line-search rejected step
286.4321608040201,CONVERGED,3722.111985500324,1011.5401478433841,1439490.8681659927,42879.17101092749,43040.17180444555,1.6174513420186638e-16,7.637904163839459e-16,7,False,attempt=1; line-search rejected step
287.0954773869347,CONVERGED,3749.1805664289996,999.0275770812151,1439155.7044793814,43526.31620846281,43145.50627280314,1.2942624230536431e-15,3.810128626153898e-16,6,False,attempt=1; line-search rejected step
287.75879396984925,CONVERGED,3774.890426410555,984.5069118007033,1437077.6560679276,44221.13034145031,43255.56432165614,6.48066978623636e-16,1.900672924258038e-15,9,False,attempt=1; line-search rejected step
288.4221105527638,CONVERGED,3799.0244622307932,968.1757992469215,1433217.3466300978,44962.5410553187,43369.81880345926,4.873593894212642e-16,7.585206936700278e-16,9,False,attempt=1; line-search rejected step
289.0854271356784,CONVERGED,3821.468754317783,950.249118850751,1427556.452103985,45748.9539981481,43487.71198330663,1.6309732852295633e-16,0.0,6,False,attempt=1; line-search rejected step
289.74874371859295,CONVERGED,3842.19034560911,930.9482598027486,1420097.2749797292,46578.24936172543,43608.6805788956,0.0,1.1325716371978385e-15,8,False,attempt=1; line-search rejected step
290.41206030150755,CONVERGED,3861.215757495123,910.4928171157028,1410861.9499075785,47447.75852586482,43732.174470640806,1.6502723294020487e-16,7.5332318891689e-16,8,False,attempt=1; line-search rejected step
291.0753768844221,CONVERGED,3878.612345365514,889.0947016968188,1399891.406515211,48354.230881418196,43857.669398104685,2.993769063989261e-15,3.758032398823019e-16,6,False,attempt=1; line-search rejected step
291.7386934673367,CONVERGED,3894.47325131826,866.9543399443252,1387244.1658485653,49293.799736900066,43984.67464416066,1.6783681588702098e-16,0.0,7,False,attempt=1; line-search rejected step
292.40201005025125,CONVERGED,3908.9059097573645,844.2585124820149,1372995.0110109244,50261.95413046916,44112.73692516038,5.087359570573496e-16,1.1222946415210588e-15,9,False,attempt=1; line-search rejected step
293.0653266331658,CONVERGED,3922.0236682560285,821.1793821013387,1357233.5512989436,51253.521283114555,44241.44163424371,1.7154795755751728e-15,7.465029789760788e-16,8,False,attempt=1; line-search rejected step
293.7286432160804,CONVERGED,3933.93995025743,797.8743258547885,1340062.6896558604,52262.66270556649,44370.412379637,8.687304163123239e-16,7.448171787772003e-16,7,False,attempt=1; line-search rejected step
294.391959798995,CONVERGED,3944.764390988223,774.4862725049358,1321597.0018049935,53282.88567186299,44499.30952188477,1.761737075189163e-16,7.431389753838063e-16,7,False,attempt=1; line-search rejected step
295.05527638190955,CONVERGED,3954.6004474108963,751.1443298580461,1301961.0385570186,54307.07082933305,44627.82819753872,1.7883073053546905e-16,0.0,7,False,attempt=1; line-search rejected step
295.7185929648241,CONVERGED,3963.544073474084,727.9645561283505,1281287.5678913204,55327.5160293832,44755.696143279245,0.0,7.398051545317585e-16,8,False,attempt=1; line-search rejected step
296.3819095477387,CONVERGED,3971.683140972441,705.050782695318,1259715.7787277668,56335.995948337535,44882.671506568855,0.0,0.0,7,False,attempt=1; line-search rejected step
297.04522613065325,CONVERGED,3979.0973642333233,682.4954337473387,1237389.4727572738,57323.836658927576,45008.5407408921,1.128976682507505e-15,0.0,6,False,attempt=1; line-search rejected step
297.70854271356785,CONVERGED,3985.8585506491577,660.3803141736211,1214455.2737189243,58282.003970330516,45133.11662681611,4.409470583169781e-15,0.0,8,False,attempt=1; line-search rejected step
298.3718592964824,CONVERGED,3992.031049152325,638.7773536869354,1191060.8848754175,59201.20405557786,45256.23642607584,2.7367442357870106e-15,0.0,5,False,attempt=1; line-search rejected step
299.035175879397,CONVERGED,3997.672306864966,617.7493051662811,1167353.4251484452,60071.99462002325,45377.760157585326,1.9945171585397282e-16,2.926400062773739e-15,5,False,attempt=1; line-search rejected step
299.69849246231155,CONVERGED,4002.833472523832,597.3504006838522,1143477.872574084,60884.904631595695,45497.56897626102,2.6470108780388352e-15,1.4599615604924518e-15,5,False,attempt=1; line-search rejected step
300.36180904522615,CONVERGED,4007.56000596926,577.626971174161,1119575.6406529243,61630.56043554862,45615.563633875914,2.079632989496675e-16,7.2836869661187355e-16,8,False,attempt=1; line-search rejected step
301.0251256281407,CONVERGED,4011.892267805001,558.6180363230657,1095783.3090736237,62299.815918123764,45731.663003099835,2.9747021917224387e-15,0.0,6,False,attempt=1; line-search rejected step
301.6884422110553,CONVERGED,4015.8660737579776,540.3558707673858,1072231.5254752233,62883.88427025909,45845.802649603276,8.685834658729209e-15,7.251657960870962e-16,5,False,attempt=1; line-search rejected step
302.35175879396985,CONVERGED,4019.513205455118,522.866551620642,1049044.0896771895,63374.468838840294,45957.93344143901,5.104747128108665e-15,0.0,5,False,attempt=1; line-search rejected step
303.0150753768844,CONVERGED,4022.861874177841,506.1704910173169,1026337.2264242615,63763.89054249739,46068.02018917245,4.877401608045057e-15,0.0,6,False,attempt=1; line-search rejected step
303.678391959799,CONVERGED,4025.9371373225936,490.28295601500383,1004219.0474204508,64045.209373457285,46176.04031400988,2.3185244718465e-15,7.204139153740553e-16,5,False,attempt=1; line-search rejected step
304.34170854271355,CONVERGED,4028.761269282815,475.21457694315325,982789.1984795418,64212.33760663965,46281.98254429263,3.908982339480626e-15,7.188437641814431e-16,5,False,attempt=1; line-search rejected step
305.00502512562815,CONVERGED,4031.354089635392,460.97184421394326,962138.6831764244,64260.14249039826,46385.84564312349,3.266902936435494e-15,7.172804424325311e-16,5,False,attempt=1; line-search rejected step
305.6683417085427,CONVERGED,4033.7332521240205,447.5575927509732,942349.8505779293,64184.53639674972,46487.637171588234,1.2353726352854942e-16,7.157239056665502e-16,6,False,attempt=1; line-search rejected step
306.3316582914573,CONVERGED,4035.9144981690583,434.97147255444963,923496.531549861,63982.55265771802,46587.372293096756,1.7648301318921536e-15,0.0,5,False,attempt=1; line-search rejected step
306.99497487437185,CONVERGED,4037.9118786298864,423.21040350004944,905644.3058246253,63652.40560232086,46685.072624872766,3.727781769584568e-15,0.0,5,False,attempt=1; line-search rejected step
307.6582914572864,CONVERGED,4039.7379473930673,412.2690122435303,888850.8804725354,63193.533628385914,46780.76514266792,0.0,1.9199553293069593e-14,5,False,attempt=1; line-search rejected step
308.321608040201,CONVERGED,4041.4039301206617,402.14004904922365,873166.5596193825,62606.624486611574,46874.481144452395,6.666272347722571e-16,6.386082593470308e-15,5,False,attempt=1; line-search rejected step
308.9849246231156,CONVERGED,4042.9198712103516,392.8147824479544,858634.7851300663,61893.622312321895,46966.25527823182,5.016529707614986e-15,7.080414671787163e-16,6,False,attempt=1; line-search rejected step
309.64824120603015,CONVERGED,4044.2947617207988,384.283369829836,845292.7284537142,61057.716304190966,47056.12463833711,1.239497112862937e-15,7.065247279111475e-16,7,False,attempt=1; line-search rejected step
310.3115577889447,CONVERGED,4045.536650719699,376.5352023575194,833171.9147977019,60103.3113098231,47144.12793360553,1.0199957946769813e-14,7.050144729544778e-16,5,False,attempt=1; line-search rejected step
310.9748743718593,CONVERGED,4046.6527422295194,369.5592229202738,822298.8621662783,59035.98092678354,47230.30472987743,5.0966282194881536e-15,0.0,5,False,attempt=1; line-search rejected step
311.63819095477385,CONVERGED,4047.6494796830657,363.3442162118958,812695.7194557576,57862.404056323234,47314.69476822961,1.432458902390864e-16,0.0,4,False,attempt=1; line-search rejected step
312.30150753768845,CONVERGED,4048.532619560969,357.8790703847259,804380.8896429157,56590.2861482763,47397.33735939555,7.959963722315424e-15,0.0,9,False,attempt=1; line-search rejected step
312.964824120603,CONVERGED,4049.3072956668047,353.15301008995704,797369.6260435252,55228.26664301739,47478.27085391946,1.0511941887139017e-14,6.990374716423397e-16,4,False,attempt=1; line-search rejected step
313.6281407035176,CONVERGED,4049.9780753026407,349.1558010471944,791674.5915762046,53785.81434466206,47557.53218677894,1.0293462256583016e-15,6.975590228463261e-16,4,False,attempt=1; line-search rejected step
314.29145728643215,CONVERGED,4050.549008437069,345.87792658364276,787306.3728755367,52273.11264481772,47635.15649450709,2.957306731856942e-15,0.0,5,False,attempt=1; line-search rejected step
314.95477386934675,CONVERGED,4051.0236708076573,343.31073683960267,784273.9429095492,50700.93665533588,47711.17680225651,1.3953084060315312e-14,6.94620807548103e-16,4,False,attempt=1; line-search rejected step
315.6180904522613,CONVERGED,4051.4052017684417,341.44657154884976,782585.0674334938,49080.52440021915,47785.62377777531,6.545325707764589e-15,1.3863219250377313e-15,5,False,attempt=1; line-search rejected step
316.2814070351759,CONVERGED,4051.696337578621,340.2788574704222,782246.652133077,47423.44426085337,47858.52554890495,8.334018438469818e-15,6.917072407671578e-16,4,False,attempt=1; line-search rejected step
316.94472361809045,CONVERGED,4051.899440729185,339.8021816747056,783265.0286674568,45741.46086612042,47929.9075809503,1.7835391735794216e-15,1.380519207695488e-15,7,False,attempt=1; line-search rejected step
317.608040201005,CONVERGED,4052.0165258180446,340.0123419755993,785646.179014359,44046.40157177007,47999.7926101021,3.259911584379712e-15,0.0,4,False,attempt=1; line-search rejected step
318.2713567839196,CONVERGED,4052.049282409664,340.9063758577332,789395.8985572088,42350.02558489508,48068.200628995226,0.0,6.87382432327348e-16,5,False,attempt=1; line-search rejected step
318.9346733668342,CONVERGED,4051.9990952507505,342.4825692792039,794519.8992498169,40663.89766339198,48135.14892044411,8.20527972737223e-15,6.859528224283876e-16,5,False,attempt=1; line-search rejected step
319.59798994974875,CONVERGED,4051.8670621578976,344.74044674259846,801023.8549665621,38999.26816163937,48200.652135398916,4.069328261503828e-15,6.845291467591968e-16,8,False,attempt=1; line-search rejected step
320.2613065326633,CONVERGED,4051.6540098449736,347.6807440263709,808913.3918132227,37366.9610074888,48264.72241118995,5.756627248609824e-16,1.3662227368946499e-15,4,False,attempt=1; line-search rejected step
320.9246231155779,CONVERGED,4051.36050791648,351.3053649606524,818194.0267552399,35777.2709876253,48327.36952616571,1.1382661620115696e-15,6.816994509251678e-16,6,False,attempt=1; line-search rejected step
321.58793969849245,CONVERGED,4050.986881217113,355.6173236209786,828871.0584314566,34239.871494187086,48388.60108686897,8.567478088668562e-15,6.802933579268222e-16,10,False,attempt=1; line-search rejected step
322.25125628140705,CONVERGED,4050.53322069658,360.6206733043096,840949.4144779135,32763.733651015504,48448.42274392466,6.9216601987414976e-15,1.3577861069699634e-15,5,False,attempt=1; line-search rejected step
322.9145728643216,CONVERGED,4049.9993929216125,366.3204236465353,854433.4600965001,31357.057498714574,48506.83843283179,3.678710907426594e-15,0.0,4,False,attempt=1; line-search rejected step
323.5778894472362,CONVERGED,4049.3850483435376,372.7224472413185,869326.7729751004,30027.215679197045,48563.850635852876,6.561802703945013e-15,6.7610966787621e-16,5,False,attempt=1; line-search rejected step
324.24120603015075,CONVERGED,4048.6896284091335,379.83337712683766,885631.8899996453,28780.709827612733,48619.460661179575,6.440995219268912e-15,0.0,4,False,attempt=1; line-search rejected step
324.9045226130653,CONVERGED,4047.912371584469,387.6604965196099,903350.0314946123,27623.139656989893,48673.668935526635,2.3196720206206404e-15,6.733490122167304e-16,4,False,attempt=1; line-search rejected step
325.5678391959799,CONVERGED,4047.0523183455243,396.2116221914823,922480.8089797429,26559.184512544427,48726.47530626916,2.1453676345275067e-15,2.0159313638583492e-15,5,False,attempt=1; line-search rejected step
326.2311557788945,CONVERGED,4046.1083151754015,405.4949829052784,943021.9226313126,25592.596981749262,48777.87934920026,2.468984421954928e-16,0.0,5,False,attempt=1; line-search rejected step
326.89447236180905,CONVERGED,4045.079017595506,415.51909434397714,964968.8547749163,24726.20797560119,48827.880677953195,1.0857737959706515e-15,6.692500420261469e-16,5,False,attempt=1; line-search rejected step
327.5577889447236,CONVERGED,4043.9628922470374,426.29263198485205,988314.5658039798,23961.942548090028,48876.479251111894,3.1803777846482314e-15,2.6715791442001054e-15,5,False,attempt=1; line-search rejected step
328.2211055276382,CONVERGED,4042.758218029219,437.8243033810785,1013049.1989028332,23300.845596035233,48923.67567303661,6.89494579057068e-16,1.5330535180956473e-14,5,False,attempt=1; line-search rejected step
328.88442211055275,CONVERGED,4041.463086291793,450.12272131633347,1039159.7998461842,22743.1164809216,48969.47148446324,6.833727240501565e-15,0.0,6,False,attempt=1; line-search rejected step
329.54773869346735,CONVERGED,4040.0754000711668,463.196279289982,1066630.0579388682,22288.151538276976,49013.86943900606,1.5280035411026238e-15,1.3277235051505004e-15,7,False,attempt=1; line-search rejected step
330.2110552763819,CONVERGED,4038.5928723521906,477.0530307712539,1095440.073849302,21934.593388067115,49056.873761805364,2.550543649575118e-15,1.3250564199502346e-15,7,False,attempt=1; line-search rejected step
330.8743718592965,CONVERGED,4037.0130233305676,491.7005736264978,1125566.1596691518,21680.385930622408,49098.49038672804,4.137129419781201e-15,0.0,7,False,attempt=1; line-search rejected step
331.53768844221105,CONVERGED,4035.3331766443766,507.14594107668097,1156980.6760093328,21522.833905433203,49138.72716874368,4.226037321207447e-15,1.979631399321795e-15,5,False,attempt=1; line-search rejected step
332.2010050251256,CONVERGED,4033.5504545368867,523.3955004800393,1189651.9103177688,21458.66590306503,49177.594068373015,3.718551780614452e-15,1.317119069821653e-15,6,False,attempt=1; line-search rejected step
332.8643216080402,CONVERGED,4031.6617719066244,540.4548611596398,1223543.9998905342,21484.099751498256,49215.10330543486,3.6155481370668334e-15,0.0,7,False,attempt=1; line-search rejected step
333.5276381909548,CONVERGED,4029.663829194478,558.3287924079539,1258616.9022567528,21594.909245214374,49251.26947970468,1.4799142979020513e-15,3.2797003053911973e-15,5,False,attempt=1; line-search rejected step
334.19095477386935,CONVERGED,4027.553104051236,577.0211527026654,1294826.414765379,21786.491246033933,49286.1096565388,4.8550348579300284e-15,0.0,5,False,attempt=1; line-search rejected step
334.8542713567839,CONVERGED,4025.3258417222737,596.5348310613015,1332124.244306685,22053.932256688728,49319.64341601271,0.0,0.0,7,False,attempt=1; line-search rejected step
335.5175879396985,CONVERGED,4022.978044078998,616.871701350013,1370458.1271854136,22392.07364899823,49351.892864662324,1.0193553777467696e-15,1.3040993809574919e-15,5,False,attempt=1; line-search rejected step
336.18090452261305,CONVERGED,4020.5054572188833,638.0325902456552,1409771.9982454027,22795.574815990785,49382.882609501925,1.651548221582283e-16,0.0,5,False,attempt=1; line-search rejected step
336.84422110552765,CONVERGED,4017.903557547387,660.0172594330178,1450006.207451247,23258.973609121193,49412.63969461194,6.422886811308992e-16,1.2989632931699757e-15,9,False,attempt=1; line-search rejected step
337.5075376884422,CONVERGED,4015.1675362454644,682.8244025024268,1491097.7812805895,23776.743515785653,49441.193501237416,0.0,0.0,7,False,attempt=1; line-search rejected step
338.1708542713568,CONVERGED,4012.2922820155914,706.4516568991443,1532980.7254924835,24343.347126689692,49468.57561300417,1.6706909862612775e-15,1.2938675027902078e-15,7,False,attempt=1; line-search rejected step
338.83417085427135,CONVERGED,4009.2723619868343,730.8956311659631,1575586.365129291,24953.28553553665,49494.81964853189,2.2166094681337614e-15,2.582669142426583e-15,5,False,attempt=1; line-search rejected step
339.4974874371859,CONVERGED,4006.1020006453273,756.1519476154737,1618843.7169978998,25601.14340344374,49519.961064389725,5.753011021611092e-16,0.0,7,False,attempt=1; line-search rejected step
340.1608040201005,CONVERGED,4002.7750566399654,782.2153004691392,1662679.8893724754,26281.629506144225,49544.0369319813,1.4003335527306101e-16,0.0,6,False,attempt=1; line-search rejected step
340.8241206030151,CONVERGED,3999.2849972938147,809.0795294063433,1707020.5032731928,26989.612662308053,49567.08569254877,4.091877804761328e-16,1.2837949319970781e-15,6,False,attempt=1; line-search rejected step
341.48743718592965,CONVERGED,3995.624870628974,836.7377083787281,1751790.1294102687,27720.15301534616,49589.1468950237,9.303708693265422e-16,1.281301245920446e-15,7,False,attempt=1; line-search rejected step
342.1507537688442,CONVERGED,3991.7872746855446,865.1822494629585,1796912.7347402573,28468.528708199367,49610.26092190581,1.295725936783041e-16,0.0,9,False,attempt=1; line-search rejected step
342.8140703517588,CONVERGED,3987.7643238829846,894.4050214485625,1842312.1325604229,29230.258050410193,49630.468708696084,1.2637958548874367e-15,0.0,7,False,attempt=1; line-search rejected step
343.47738693467335,CONVERGED,3983.547612133151,924.3974827888634,1887912.4301638394,30001.11732898047,49649.81146261843,1.1099433212074219e-15,1.2738779767639546e-15,6,False,attempt=1; line-search rejected step
344.14070351758795,CONVERGED,3979.128172367013,955.1508284823236,1933638.4682829347,30777.154459046018,49668.33038641577,0.0,1.2714226310929536e-15,9,False,attempt=1; line-search rejected step
344.8040201005025,CONVERGED,3974.496432079325,986.6561504035512,1979416.2468547653,31554.69870732821,49686.0664128749,8.23381392451848e-16,1.2689767323622745e-15,5,False,attempt=1; line-search rejected step
345.4673366834171,CONVERGED,3969.6421644248508,1018.9046105715112,2025173.3320353082,32330.366750863683,49703.05995540567,5.748412740056027e-16,0.0,7,False,attempt=1; line-search rejected step
346.13065326633165,CONVERGED,3964.5544343123165,1051.8876268335414,2070839.2398586827,33101.06535598926,49719.3506794603,1.1243298812019728e-16,1.2641130584751717e-15,7,False,attempt=1; line-search rejected step
346.7939698492462,CONVERGED,3959.221538834304,1085.5970704672814,2116345.792469397,33863.99097839585,49734.97729882282,0.0,0.0,6,False,attempt=1; line-search rejected step
347.4572864321608,CONVERGED,3953.630941236596,1120.0254752677004,2161627.443434143,34616.626594752146,49749.977399833486,0.0,1.2592865247565925e-15,8,False,attempt=1; line-search rejected step
348.1206030150754,CONVERGED,3947.7691974623103,1155.1662578074859,2206621.5692527816,35356.73608049476,49764.38729545115,2.1102906533512408e-16,0.0,7,False,attempt=1; line-search rejected step
348.78391959798995,CONVERGED,3941.6218740949553,1191.0139487515005,2251268.724821006,36082.356447475315,49778.24190971871,0.0,0.0,9,False,attempt=1; line-search rejected step
349.4472361809045,CONVERGED,3935.173456258281,1227.56443538802,2295512.8612363487,36791.7882498638,49791.57469171672,2.0285718941994384e-16,1.2521154366949932e-15,7,False,attempt=1; line-search rejected step
350.1105527638191,CONVERGED,3928.407243693389,1264.8152159328504,2339301.504972225,37483.584457654506,49804.417556499146,5.971799098807506e-16,2.4994863781079867e-15,9,False,attempt=1; line-search rejected step
350.77386934673365,CONVERGED,3921.305232804083,1302.7656666931928,2382585.898059975,38156.53808493548,49816.80084883898,1.1726619074348711e-15,0.0,9,False,attempt=1; line-search rejected step
351.43718592964825,CONVERGED,3913.847981911572,1341.4173238783633,2425321.0995064294,38809.66884537634,49828.753323899255,9.599992500013807e-16,1.2450255586217374e-15,5,False,attempt=1; line-search rejected step
352.1005025125628,CONVERGED,3906.01445625101,1380.7741827509951,2467466.0487220967,39442.209090758195,49840.302137205115,0.0,0.0,6,False,attempt=1; line-search rejected step
352.7638190954774,CONVERGED,3897.7818483238902,1420.8430179817758,2508983.5922400663,40053.58927039922,49851.47283451852,5.567927451753342e-16,0.0,8,False,attempt=1; line-search rejected step
353.42713567839195,CONVERGED,3889.1253680194236,1461.6337305655265,2549840.475454062,40643.42313057023,49862.28933038015,1.8262369422338734e-16,2.4760310375865845e-15,6,False,attempt=1; line-search rejected step
354.0904522613065,CONVERGED,3880.017995336355,1503.159728578798,2590007.3014978054,41211.492854001495,49872.77386210158,0.0,1.2356963480326101e-15,5,False,attempt=1; line-search rejected step
354.7537688442211,CONVERGED,3870.43018643306,1545.438351538798,2629458.4597169636,41757.73432088896,49882.94690373817,3.5418797782252343e-16,0.0,5,False,attempt=1; line-search rejected step
355.4170854271357,CONVERGED,3860.329520908861,1588.4913513591039,2668172.026451418,42282.22265497863,49892.82702182942,1.7452446195047386e-16,0.0,7,False,attempt=1; line-search rejected step
356.08040201005025,CONVERGED,3849.680274383329,1632.3454471716577,2706129.641046322,42785.1582019482,49902.430651143135,8.603824448109068e-16,0.0,6,False,attempt=1; line-search rejected step
356.7437185929648,CONVERGED,3838.4428951685295,1677.0329770179605,2743316.3601464136,43266.85307311493,49911.77176381877,1.0184635517929542e-15,2.453011817325046e-15,8,False,attempt=1; line-search rejected step
357.4070351758794,CONVERGED,3826.573356488247,1722.5926772386063,2779720.493402276,43727.71837636654,49920.86139846019,0.0,0.0,8,False,attempt=1; line-search rejected step
358.07035175879395,CONVERGED,3814.022345327487,1769.0706312696936,2815333.423731828,44168.252249329424,49929.707005803684,0.0,1.2219617641710148e-15,7,False,attempt=1; line-search rejected step
358.73366834170855,CONVERGED,3800.7342341090603,1816.521444978389,2850149.4152402375,44589.02880888303,49938.31155293632,0.0,1.2197022954525946e-15,9,False,attempt=1; line-search rejected step
359.3969849246231,CONVERGED,3786.645759649144,1865.0097279932106,2884165.411812192,44990.688138819925,49946.67230607273,1.6145443163578918e-16,1.2174511670549474e-15,7,False,attempt=1; line-search rejected step
360.0603015075377,CONVERGED,3771.6843014519345,1914.6119935081354,2917380.8292579493,45373.92745792872,49954.77917845,3.1923243111608615e-16,1.215208332883518e-15,5,False,attempt=1; line-search rejected step
360.72361809045225,CONVERGED,3755.7656020935156,1965.4191390591454,2949797.343725006,45739.493650925164,49962.612478055,0.0,0.0,7,False,attempt=1; line-search rejected step
361.38693467336685,CONVERGED,3738.790695518953,2017.5397485116653,2981418.678887142,46088.177416284845,49970.13980783303,0.0,0.0,8,False,attempt=1; line-search rejected step
362.0502512562814,CONVERGED,3720.6416857059794,2071.1045798361347,3012250.394201382,46420.80940900577,49977.31173779625,1.545891696799651e-16,1.2085291398480156e-15,7,False,attempt=1; line-search rejected step
362.713567839196,CONVERGED,3701.1758139306576,2126.272808620736,3042299.6762817474,46738.2589710759,49984.05564561108,1.5306226764513332e-16,0.0,6,False,attempt=1; line-search rejected step
363.37688442211055,CONVERGED,3680.2169023018732,2183.2409492691954,3071575.1351899933,47041.43642162079,49990.26673600014,1.5160341740392935e-16,1.2041169856700108e-15,7,False,attempt=1; line-search rejected step
364.0402010050251,CONVERGED,3657.542633319239,2242.2560055244876,3100086.607187877,47331.3005708528,49995.79455110108,0.0,0.0,9,False,attempt=1; line-search rejected step
364.7035175879397,CONVERGED,3632.864942662285,2303.6355867555662,3127844.9652398555,47608.87444379396,50000.42195693026,0.0,0.0,10,False,attempt=1; line-search rejected step
365.3668341708543,CONVERGED,3605.798436868519,2367.800094870312,3154861.9383035125,47875.27487473996,50003.83091176513,0.0,0.0,9,False,attempt=1; line-search rejected step
366.03015075376885,CONVERGED,3575.806652009796,2435.327185994109,3181149.94020126,48131.7674568335,50005.54349519327,0.0,0.0,9,False,attempt=1; line-search rejected step
366.6934673366834,CONVERGED,3542.1039195682965,2507.050765810524,3206721.908631397,48379.87224535924,50004.81275925494,0.0,0.0,7,False,attempt=1; line-search rejected step
367.356783919598,CONVERGED,3503.4584098347736,2584.2589797460946,3231591.154652348,48621.5831831227,50000.400390673705,1.4409659669892083e-16,0.0,8,False,attempt=1; line-search rejected step
368.02010050251255,CONVERGED,3457.7401088216034,2669.1474820624258,3255771.222761499,48859.884332643356,49990.058054338595,0.0,1.1889249476728636e-15,7,False,attempt=1; line-search rejected step
368.6834170854271,CONVERGED,3400.642423882683,2766.099340237934,3279275.7614864395,49100.24145765435,49969.03382799368,0.0,0.0,9,False,attempt=1; line-search rejected step
369.3467336683417,CONVERGED,3320.3307909082555,2887.0382691467507,3302118.4042128627,49356.98445786361,49923.688173790746,0.0,0.0,12,False,attempt=1; line-search rejected step
370.0100502512563,DIVERGED,7100.693502086976,1758.5829277647774,3561726.001692887,48653.02762805407,51499.46489243677,0.31735056074566614,0.0944790605684438,18,True,attempt=1; line-search rejected step; fallback_seed_used
370.67336683417085,CONVERGED,6554.479489687616,4304.155452127132,3483664.5437371633,48932.7264305,49032.99981506221,2.673399125899722e-16,1.1804146666093192e-15,17,False,attempt=1; line-search rejected step
371.3366834170854,CONVERGED,6499.679683098581,4292.487459160698,3486554.5942873135,49036.07772999645,49191.46058771993,1.3355915552583656e-16,1.17830609867611e-15,11,False,attempt=1; line-search rejected step
372.0,CONVERGED,6443.13754433148,4280.800353647262,3490638.6015220005,49140.308648011385,49344.259110530875,5.336115713665688e-16,1.1762050503562142e-15,7,False,attempt=1; line-search rejected step
